t_title,d_date,t_description_x,t_image,d_crew_merged,v_location,v_rating,v_jam summary,v_pubDate,v_explicit,v_duration,v_keywords,d_merged_song_lists,f_singles,l_loops
Jan 1,1997-01-01,,images/jam/blank.jpg,"Maximus, Snuffler, Zig",,,,,,,,"Breakdown, I like me moods, thoughts Weinberg, Turtle Bop, Get in Queue, Paean to Freddie",,
Jan 23,1997-01-23,,images/jam/blank.jpg,"Bavo, James, Maximus, NickDub, Snuffler, Zig, unknown",,,,,,,,"FunkGrooveThang, Drum Solo, Hard Space",,
Jun 23,1997-06-23,,images/jam/blank.jpg,"Bavo, Haze, Maximus, SRC, Snuffler, Stu, TBonk, Zig",,,,,,,,"Blues, Funk, Worried 'bout You, Lost, You're Fucked (Thomas - drums), Drum Off, Drum Intro Funk",,
Jul 23,1997-07-23,,images/jam/blank.jpg,"Maximus, Snuffler, Zig",,,,,,,,"True Blue, Nighting",19970723_2.mp3,
Oct 26,1997-10-26,,images/jam/blank.jpg,"Bavo, Haze, Head, Maximus, SRC, Snuffler, SweetP, Zig",,,,,,,,"Funk Jam, Ptak on the High Seas",,
Nov 22,1997-11-22,,images/jam/blank.jpg,"Head, Joel, Maximus, Snuffler, Zig",,,,,,,,"Vision, Junkie, Deadly",,
Dec 7,1997-12-07,,images/jam/blank.jpg,"Haze, Maximus, Snuffler, Stu",,,,,,,,"Welcome Back Nick, The Other Side, Oscar, Standard",,
Dec 30,1997-12-30,,images/jam/blank.jpg,"Haze, Maximus, PeeTah, Snuffler, Stu, TBonk",,,,,,,,"Tribute, Blues, T-Bar Blues, FreeFall, Jam #47, A Love Supreme, Jerk Chicken, Insightful Crap, Blockhead, Fame, Gratuity","19971230_1.mp3, 19971230_10.mp3, 19971230_11.mp3, 19971230_2.mp3, 19971230_3.mp3, 19971230_4.mp3, 19971230_5.mp3, 19971230_6.mp3, 19971230_7.mp3, 19971230_8.mp3, 19971230_9.mp3","Bass Groove 1, Clatter"
Jan 31,1998-01-31,,images/jam/blank.jpg,"Creed, Haze, Maximus, Snuffler, TBonk",,,,,,,,"Essence - Movements I, II, III, IV",,
Feb 14,1998-02-14,,images/jam/blank.jpg,"Maximus, Snuffler, TBonk",,,,,,,,Rob's Tasty Bit,19980214_1.mp3,
Feb 28,1998-02-28,,images/jam/blank.jpg,"Creed, Haze, Maximus, Snuffler",,,,,,,,"Lithium Trip, Segue","19980228_1.mp3, 19980228_2.mp3",
May 12,1998-05-12,,images/jam/blank.jpg,"Maximus, Mike, SRC, Snuffler, Stu, SweetP, TBonk, Zig",,,,,,,,"She's Got the Itch, Fiona Blues I, Fiona Blues II, Miss Your Face, Indulge Us",19980512_1.mp3,Groove of Love
May 14,1998-05-14,,images/jam/blank.jpg,"Giant Peach, Maximus, SRC, Snuffler, SweetP, TBonk, Zig",,,,,,,,"Prologue, This Reality, Avenue J",,This Reality
Jul 1,1998-07-01,,images/jam/blank.jpg,"Maximus, Snuffler, Stu, TBonk",,,,,,,,Positive Camber,19980701_1.mp3,
Jul 8,1998-07-08,,images/jam/blank.jpg,"Maximus, Snuffler, Stu, TBonk",,,,,,,,"Outro, A Bit of the Roger in Me, Intrigue","19980708_1.mp3, 19980708_2.mp3, 19980708_3.mp3",
Sep 10,1998-09-10,,images/jam/blank.jpg,"Maximus, Snuffler, TBonk, Tedmos",,,,,,,,"Bad Karma, I, Bad Karma, II, Balance Beam, I, Balance Beam, II, Balance Beam, II","19980910_1.mp3, 19980910_2.mp3, 19980910_3.mp3, 19980910_4.mp3, 19980910_5.mp3","Superfly, Marat"
Sep 17,1998-09-17,,images/jam/blank.jpg,"Elyse, EvilG, Maximus, Snuffler, Stu, SweetP, TBonk",,,,,,,,One Unhappy Norse God,19980917_1.mp3,
Sep 30,1998-09-30,,images/jam/blank.jpg,"Maximus, Snuffler, Stu, Tedmos",,,,,,,,"My Woman Feeling, Kickin In', Back and There Again, Is it Maximus or is it T-Bone?","19980930_1.mp3, 19980930_2.mp3, 19980930_3.mp3, 19980930_4.mp3","Seattle, Needle"
Nov 19,1998-11-19,,images/jam/blank.jpg,"Ankhboy, Maximus, Snuffler, Tedmos",,,,,,,,"Glad You Could Join Us, Hot For Jimi, Everything was Going Just Fine.., Travail","19981119_1.mp3, 19981119_2.mp3, 19981119_3.mp3, 19981119_4.mp3, 19981119_5.mp3","The Happy Bug, The Platform, On a Sunday Afternoon, On and On Bonzo, True Funk"
Dec 17,1998-12-17,,images/jam/blank.jpg,"Maximus, Snuffler, TBonk",,,,,,,,"Black Beauty Boots, No Collagen","19981217_1.mp3, 19981217_2.mp3","Swoop, The Max, Those Boots!, Fame Redux, FreeFall Funk"
Jan 7,1999-01-07,,images/jam/blank.jpg,"Maximus, Snuffler, TBonk, Tedmos",,,,,,,,"Rise and Fall, Counting Sheep",,Ole Silver
Jan 14,1999-01-14,,images/jam/blank.jpg,"Maximus, PeeTah, Snuffler, TBonk",,,,,,,,"extra bit, extra bit, This is the End, Varigated Stream of Consciousness","19990114_1.mp3, 19990114_2.mp3, 19990114_3.mp3, 19990114_4.mp3",T-Bones Big Surprise
Jan 21,1999-01-21,,images/jam/blank.jpg,"Maximus, Snuffler, TBonk, Tedmos",,,,,,,,Gator Bait,,"She Fell In, Nobody Owns Her, Shuffle, Cry for Less, Some Kinda Light"
Jan 31,1999-01-31,,images/jam/blank.jpg,"Elyse, Maximus, Snuffler, SweetP, TBonk",,,,,,,,"Shadow Walks Before, Into the Sun","19990131_1.mp3, 19990131_2.mp3","Into the Sun, Outrigger, Steps, Enigma, Herky"
Feb 11,1999-02-11,,images/jam/blank.jpg,"Ankhboy, Bavo, Maximus, Snuffler, TBonk, Tedmos",,,,,,,,"Bumpkin, Byte 2, Byte 1",,"Ankhs Dream State, TBD 1, TBD 3, Pecker"
Feb 18,1999-02-18,,images/jam/blank.jpg,"Maximus, Snuffler, TBonk",,,,,,,,"Cocktails in Pamplona, Places, Cabby",,"Proud Maxy, Havana, Ripleys Introduction to Piglund, Coming, Cabby"
Feb 24,1999-02-24,,images/jam/blank.jpg,"EvilG, Maximus, Snuffler, TBonk",,,,,,,,"extra bit, Til Dust Do Us Part, Bedtime Story, Take That Back",,Home
Mar 4,1999-03-04,,images/jam/blank.jpg,"Haze, Maximus, Snuffler, Stu, TBonk",,,,,,,,Monkey Style,,"Theyre Coming In!, Motive, Questions"
Mar 18,1999-03-18,,images/jam/blank.jpg,"BLove, DT, EvilG, Maximus, SRC, Snuffler, SweetP, TBonk",,,,,,,,"All the Songs, Take My Pill, Gravity Makes Me Wanna Drink, Flies, I Feel Whole",,"Kindling, Underworld, Stroke 1, Stroke 2, Take My Pill, Glide, Goin Down, Slink"
Apr 8,1999-04-08,,images/jam/blank.jpg,"Maximus, Snuffler, TBonk, Tedmos",,,,,,,,"Jade, My Love","19990408_1.mp3, 19990408_2.mp3","Age of Numbers, Pimp Walk, Contemplative State"
May 6,1999-05-06,,images/jam/blank.jpg,"Bavo, Maximus, Snuffler, TBonk, Tedmos",,,,,,,,Mad Jam - Uprising,19990506_1.mp3,"Funk Racer, Hang in the Balance, Whos Your Daddy?, Chemical Morning, Fair Sky"
Jun 10,1999-06-10,,/images/jam/blank.jpg,"Ankhboy, Bavo, Maximus, Snuffler",,,,,,,,,,"Crime Scene, Too Bad"
Jun 29,1999-06-29,,/images/jam/blank.jpg,"Bavo, Maximus, Snuffler, TBonk",,,,,,,,,,
Aug 26,1999-08-26,,/images/jam/blank.jpg,"Ankhboy, Maximus, Snuffler",,,,,,,,,,
Nov 6,1999-11-06,,images/jam/blank.jpg,"Maximus, Snuffler, Stu",,,,,,,,"Odiferous, That Ole' Virus Mankind","19991106_1.mp3, 19991106_2.mp3","Fade to Black, Down the Drain, In Your Mind, Hunted, Pagentry of Roll"
Nov 21,1999-11-21,,/images/jam/blank.jpg,"Bavo, Maximus, SRC, Snuffler, Stu, TBonk, Tedmos",,,,,,,,,,
Feb 24,2000-02-24,,images/jam/blank.jpg,"SRC, Snuffler, Stu, SweetP, TBonk",,,,,,,,"Love I Feel, Jenny Lopez's Dress",,
Mar 3,2000-03-03,,images/jam/blank.jpg,"Maximus, SRC, Snuffler, SweetP, TBonk, Tedmos",,,,,,,,"Willy the Weeper, In You, Amidou",,
Mar 16,2000-03-16,,/images/jam/blank.jpg,"Bavo, Maximus, SRC, Snuffler, TBonk",,,,,,,,,,
Jun 14,2000-06-14,,/images/jam/blank.jpg,"Maximus, Snuffler, Stu",,,,,,,,,,Jungle Gym
Jun 22,2000-06-22,,images/jam/blank.jpg,"Maximus, SRC, Snuffler, Stu, TBonk",,,,,,,,"Max and Tbone lead the way, Hangin' with Me, Heavy, that Load, Boiler Room Groove","20000622_2.mp3, 20000622_4.mp3",
Jul 14,2000-07-14,,images/jam/blank.jpg,"Ankhboy, Maximus, SRC, Snuffler, Stu",,,,,,,,"Grind, Sweet Petootie Pie, Brothers, Dweezil's Dad, Motherland, Mother's Milk, You're Dead, Baby (Jon Benet), SRC Loco 613","20000714_1.mp3, 20000714_2.mp3, 20000714_8.mp3",
Aug 3,2000-08-03,,images/jam/blank.jpg,"Maximus, SRC, Snuffler, Stu",,,,,,,,"God Within, Bright as the Sun, Sleepy Eyes (SRC's Lead), Take a Sniff","20000803_3.mp3, 20000803_4.mp3",
Aug 16,2000-08-16,,images/jam/blank.jpg,"Ankhboy, Giant Peach, Maximus, SRC, Snuffler, Stu, SweetP, TBonk",,,,,,,,Post Jam Interview,20000816_1.mp3,
Aug 31,2000-08-31,,images/jam/blank.jpg,"Maximus, SRC, Snuffler, Stu",,,,,,,,"Desperate, Tractor Pull, Brain, So Far Giant, Mutha Down, Horror Show","20000831_1.mp3, 20000831_2.mp3",
Oct 5,2000-10-05,,images/jam/blank.jpg,"Maximus, Snuffler, TBonk",,,,,,,,Hide the Body,20001005_1.mp3,Bleed You
Oct 19,2000-10-19,,/images/jam/blank.jpg,"Ankhboy, Maximus, SRC, Snuffler, Tedmos",,,,,,,,,,
Nov 30,2000-11-30,,images/jam/blank.jpg,"Maximus, SRC, Snuffler, SweetP, TBonk",,,,,,,,"White of My Belly, Thy Name is Woman, Egda, Lil' House Blues, Blood Line","20001130_1.mp3, 20001130_2.mp3, 20001130_3.mp3, 20001130_5.mp3",
Dec 28,2000-12-28,,images/jam/blank.jpg,"Maximus, SRC, Snuffler, Stu",,,,,,,,"The Real Slim Shady, Diggin' It Out, political musings outtake, School Yard Blues",20001228_1.mp3,"Shades of Slim, Dont Touch That Sound, Dream Beat, Simple Truth, Home"
Jan 11,2001-01-11,,images/jam/blank.jpg,"EnglishNick, Maximus, SRC, Snuffler, Stu, SweetP, TBonk",,,,,,,,"Modern Jazz, Interlewd, You're Not There (Max on drums), Say What, Bonus? (EnglishNick on drums), So Sweet","20010111_1.mp3, 20010111_2.mp3, 20010111_3.mp3, 20010111_4.mp3, 20010111_5.mp3",
Jan 28,2001-01-28,,images/jam/blank.jpg,"Elyse, Maximus, SRC, Snuffler, SweetP, TBonk",,,,,,,,"Blood One Worm, Out Behind the Wheel, the ends","20010128_1.mp3, 20010128_2.mp3, 20010128_3.mp3",
Feb 21,2001-02-21,,images/jam/blank.jpg,"Maximus, SRC, Snuffler, Stu, TBonk",,,,,,,,Ocean Groove,20010221_1.mp3,
Mar 14,2001-03-14,,images/jam/blank.jpg,"Ankhboy, Maximus, SRC, Snuffler, TBonk",,,,,,,,"Price of Freedom, Doc Says """"Cough"""", Get Yourself Straight, Street Dumb Sam, Gone","20010314_1.mp3, 20010314_2.mp3, 20010314_3.mp3, 20010314_4.mp3, 20010314_5.mp3",Deep Thoughts of a Dandelion
May 2,2001-05-02,,images/jam/blank.jpg,"Maximus, SRC, Snuffler, SweetP, Trebor",,,,,,,,"Liberty Rust, No Balls","20010502_1.mp3, 20010502_2.mp3",
May 16,2001-05-16,,images/jam/blank.jpg,"Maximus, SRC, Snuffler, SweetP, TBonk, Tedmos, Trebor",,,,,,,,Evil on Ya Baby,20010516_1.mp3,
Jun 2,2001-06-02,,images/jam/blank.jpg,"Ironlung, Maximus, Snuffler",,,,,,,,Stepping Out,20010602_1.mp3,
Jun 5,2001-06-05,,images/jam/blank.jpg,"Maximus, SRC, Snuffler, SweetP, TBonk, Trebor",,,,,,,,"Version 2.0, Takin' a Bad Turn, Exploring, It's Dead, Alright","20010605_1.mp3, 20010605_2.mp3, 20010605_3.mp3, 20010605_4.mp3",
Jun 20,2001-06-20,,images/jam/blank.jpg,"Maximus, SRC, Snuffler, SweetP, TBonk, Tedmos, Trebor",,,,,,,,Constant Ending,20010620_1.mp3,
Aug 1,2001-08-01,,images/jam/blank.jpg,"Maximus, SRC, Snuffler, SweetP, Trebor",,,,,,,,"All I Have, Apparition","20010801_1.mp3, 20010801_2.mp3",
Aug 22,2001-08-22,,images/jam/blank.jpg,"Maximus, SRC, Snuffler, TBonk, Trebor",,,,,,,,"Christmas at My House, Swallow Me Whole, Push It Away","20010822_1.mp3, 20010822_2.mp3, 20010822_3.mp3",
Oct 10,2001-10-10,,images/jam/blank.jpg,"Maximus, SRC, Snuffler, SweetP, TBonk, Trebor",,,,,,,,"Real Pick Me Up, Osama, A Sense of It, jah is lov, Fred Schneider Hangover, Waxy Motherfucker and Monkey's Paw, no song, Yah Yah Yah!","20011010_1.mp3, 20011010_2.mp3, 20011010_3.mp3, 20011010_4.mp3, 20011010_5.mp3, 20011010_6.mp3, 20011010_8.mp3",
Nov 7,2001-11-07,,images/jam/blank.jpg,"Maximus, SRC, Snuffler, SweetP, TBonk, Trebor",,,,,,,,"Psilopsychic, Passing Fancy, Killing Time","20011107_1.mp3, 20011107_2.mp3, 20011107_3.mp3",
Nov 17,2001-11-17,,images/jam/blank.jpg,"Giant Peach, Maximus, PChoff, SRC, Snuffler, Stu, SweetP, TBonk, Trebor, Zig",,,,,,,,"Nightmood, Fever, True Life","20011117_1.mp3, 20011117_2.mp3, 20011117_3.mp3",
Dec 12,2001-12-12,,images/jam/blank.jpg,"Maximus, SRC, Snuffler, SweetP, TBonk, Trebor",,,,,,,,"Sunflower, You Was There, Double Barrel Sissy, Lil' Paul, Nabbed, Serious Cracker, What It's All About","20011212_1.mp3, 20011212_2.mp3, 20011212_3.mp3, 20011212_4.mp3, 20011212_5.mp3, 20011212_6.mp3, 20011212_7.mp3",
May 2,2002-05-02,,images/jam/blank.jpg,"Maximus, SRC, Snuffler, Stone Golem, SweetP, Trebor",,,,,,,,"Key of Angst, Any Way You Slice It, Trying to Get Us There, Sidereal Muse","20020502_1.mp3, 20020502_2.mp3, 20020502_3.mp3, 20020502_4.mp3",
Oct 24,2002-10-24,,images/jam/20021024.jpg,"Ankhboy, Maximus, SRC, Snuffler, Stu, SweetP, TBonk, Trebor",,****,,,,,,"Flesh Machine, Fountain of Stillness, Getting Old, Hollow Body, Addict","StormPigs20021024_1_fleshmachine.mp4, StormPigs20021024_2_fountainofstillness.mp4, StormPigs20021024_3_gettingold.mp4, StormPigs20021024_4_hollowbody.mp4, StormPigs20021024_5_likeadrugaddict.mp4",
Nov 25,2002-11-25,,/images/jam/blank.jpg,"Snuffler, unknown",,,,,,,,,,
Dec 18,2002-12-18,,images/jam/blank.jpg,"Maximus, SRC, Snuffler, Stu, SweetP, Trebor",,,,,,,,,,
Jan 22,2003-01-22,,/images/jam/blank.jpg,"Snuffler, unknown",,,,,,,,,,
Jul 15,2003-07-15,,images/jam/blank.jpg,"Maximus, NickDub, Ourance, SRC, Snuffler, TBonk, Trebor",,,,,,,,,,
Sep 10,2003-09-10,,images/jam/20030910.jpg,"Maximus, SRC, Snuffler, Stu, TBonk, Trebor","Smash Studios, NYC",****,"Rock the house with abandon, the decades best",2006-03-12 18:12:50,Yes,1:01:40,"stormpigs,rock,psychadelic,blues,jam","20030910 dvd title, the smackdown *, straight eye *, snowball from hell *, limited respect *, christmas he died *, sounding *","StormPigs20030910_1_20030910dvdtitle.mp4, StormPigs20030910_2_thesmackdown.mp4, StormPigs20030910_3_straighteye.mp4, StormPigs20030910_4_snowballfromhell.mp4, StormPigs20030910_5_limitedrespect.mp4, StormPigs20030910_6_christmashedied.mp4, StormPigs20030910_7_sounding.mp4, StormPigs20030910_8_CurtisMartin.mp4",
Dec 4,2003-12-04,,images/jam/blank.jpg,"Maximus, SRC, Snuffler, Stu, TBonk, Trebor",,,,,,,,,,
Jan 21,2004-01-21,,images/jam/blank.jpg,"Maximus, Ourance, SRC, Snuffler, Stu, SweetP, TBonk, Trebor",,,,,,,,,,
Feb 24,2004-02-24,,images/jam/20040224.jpg,"Maximus, Ourance, PChoff, SRC, Snuffler, Stu, SweetP, TBonk, Trebor",,,,,,,,"Ourance, Pchoff, Maximus, Snuffler, SRC, Stu, Trebor",,
May 4,2004-05-04,,images/jam/blank.jpg,"Maximus, NickDub, SRC, Snuffler, Stu, TBonk",,,,,,,,,,
Jul 20,2004-07-20,,images/jam/20040720.jpg,"Maximus, Ourance, SRC, Snuffler, Stu, TBonk, Trebor",,,,,,,,,,
Sep 22,2004-09-22,,images/jam/20040922.jpg,"Maximus, NickDub, SRC, Snuffler, Stu, SweetP, TBonk, Tedmos, Trebor",,,,,,,,,,
Oct 7,2004-10-07,,images/jam/20041007.jpg,"Ankhboy, Maximus, Snuffler, Stu",,,,,,,,,,
Dec 5,2004-12-05,,images/jam/blank.jpg,"Maximus, Snuffler, Stu",,,,,,,,,,
Dec 21,2004-12-21,,images/jam/blank.jpg,"Maximus, NickDub, Ourance, Snuffler, TBonk",,,,,,,,,"20041221_1.mp3, 20041221_2.mp3, 20041221_3.mp3, 20041221_4.mp3, 20041221_5.mp3",
Mar 3,2005-03-03,,images/jam/blank.jpg,"Maximus, SRC, Snuffler, Stu, TBonk, Trebor",,,,,,,,"March to War, Buddha Screams, Object May Appear Closer, Offending the White Man, Airwave Lament, Cooped Up and We Ain't No Chickens, Small Letters, Spooge, Empty Your Mind, T-bonus Track","20050303_1.mp3, 20050303_10.mp3, 20050303_2.mp3, 20050303_3.mp3, 20050303_4.mp3, 20050303_5.mp3, 20050303_6.mp3, 20050303_7.mp3, 20050303_8.mp3, 20050303_9.mp3",
Apr 5,2005-04-05,,images/jam/blank.jpg,"Maximus, NickDub, SRC, Snuffler, Stu, TBonk, Trebor",,,,,,,,,,
May 26,2005-05-26,,images/jam/20050526.jpg,"EvilG, Jules, Maximus, NickDub, Ourance, SRC, Snopes, Snuffler, Stu, TBonk, Trebor",,,,,,,,,,
Jun 23,2005-06-23,,images/jam/blank.jpg,"EvilG, Maximus, NickDub, SRC, Snuffler, Stu",,,,,,,,,,
Jul 20,2005-07-20,,/images/jam/blank.jpg,"Snuffler, unknown",,,,,,,,,,
Jul 21,2005-07-21,,images/jam/20050721.jpg,"EvilG, Maximus, Ourance, SRC, Snuffler, Stu, TBonk","Smash Studios, NYC",** 1/2,Sweating in a very sunlight pen,2006-10-22 23:52:50,Yes,1:28:38,"stormpigs,rock,psychadelic,blues,jam","Exposed, Death Valley, Pumpkin Song Rock Against Terror *, Ramming Speed *, filthy interlude, Nothing but Bad Noose *, Is This the Caribbean?, Town Called Malice *, Sparks *, Sympathy for el Space Diablo, The Joker Drunken Boxing remix / My Scrotum, Didn't Know What I Didn't Know, No Turning Back","StormPigs20050721_1_Exposed.mp4, StormPigs20050721_2_DeathValley.mp4, StormPigs20050721_3_PumpkinSongRockAgainstTerror.mp4, StormPigs20050721_4_RammingSpeed.mp4, StormPigs20050721_5_filthyinterlude.mp4, StormPigs20050721_6_NothingbutBadNoose.mp4, StormPigs20050721_7_IsThistheCaribbean.mp4, StormPigs20050721_8_TownCalledMalice.mp4, StormPigs20050721_9_Sparks.mp4, StormPigs20050721_10_SympathyforelSpaceDiablo.mp4, StormPigs20050721_11_TheJokerDrunkenBoxingremix-MyScrotum.mp4, StormPigs20050721_12_DidntKnowWhatIDidntKnow.mp4, StormPigs20050721_13_NoTurningBack.mp4",
Nov 5,2005-11-05,,images/jam/blank.jpg,"Ironlung, NickDub, PChoff, Snuffler",,,,,,,,,,
Dec 21,2005-12-21,,images/jam/blank.jpg,"EvilG, NickDub, Snuffler, TBonk",,,,,,,,,,
Jan 17,2006-01-17,,images/jam/blank.jpg,"Alfonse D'Sax, EvilG, Maximus, NickDub, Snuffler, TBonk",,,,,,,,,,
Feb 22,2006-02-22,,images/jam/blank.jpg,"EvilG, Maximus, Ourance, PChoff, SRC, Snuffler, TBonk",,,,,,,,,,
Apr 6,2006-04-06,,images/jam/20060406.jpg,"Maximus, NickDub, SRC, Snuffler, Stu, SweetP, TBonk, Trebor","Smash Studios, NYC",***,"Give a most welcome Spring Cleaning to the Grand Dame of the East Coast, flying in the face of convention once more",2006-08-01 18:12:50,Yes,56:38,"stormpigs,rock,psychadelic,blues,jam","Stu's Standard, Spring Cleaning, Starlight, Hale Mary *, Sex Farm break, Lost in Hallucination *, Broke Knuckles, Simple, Stupid!, Until Next Time, Folks! *","StormPigs20060406_1_1.mp4,StormPigs20060406_2_2.mp4,StormPigs20060406_3_3.mp4, StormPigs20060406_4_mary.mp4,StormPigs20060406_5_5.mp4, StormPigs20060406_6_hallucination.mp4,StormPigs20060406_7_7.mp4,StormPigs20060406_8_8.mp4,StormPigs20060406_9_9.mp4,StormPigs20060406_10_10.mp4, StormPigs20060406_11_introducing.mp4",
Jun 27,2006-06-27,,images/jam/20060627.jpg,"Ankhboy, Ironlung, Maximus, NickDub, SRC, Snuffler, Trebor","Smash Studios, NYC",*** 1/2,"At it again, this time with a wallapin round of funk based sweetness that's tastier than Smuckers",2006-07-29 18:12:50,Yes,1:04:58,"stormpigs,rock,psychadelic,blues,jam","Get Off, Wallace *, Break, Shout Out from the Closet *, Extraneous Matter, Mean Ride, No Alternative *","StormPigs20060627_1_GetOff.mp4, StormPigs20060627_2_Wallace.mp4, StormPigs20060627_3_Break.mp4, StormPigs20060627_4_ShoutOutfromtheCloset.mp4, StormPigs20060627_5_ExtraneousMatter.mp4, StormPigs20060627_6_MeanRide.mp4, StormPigs20060627_7_NoAlternative.mp4",
Aug 31,2006-08-31,,images/jam/20060831.jpg,"EvilG, Maximus, NickDub, PChoff, SRC, Snuffler, Stu","Smash Studios, NYC",***,Running out the summer like a dog chasing water from a sprinkler,2006-08-13 23:52:50,No,1:45:05,"stormpigs,rock,psychadelic,blues,jam","DamnSpirograph, WeeYoYo *, DigThatHoleChineseDemocracy *, SummerNightFeelin *, HardLuckSemaphoreMonkey, Blues, NastyDancer *, Infusion *, CloudsofAsphalt, MaestroPlease, IRememberYou, SilverLining, WashedAway, Punked","StormPigs20060831_10_MaestroPlease.mp4, StormPigs20060831_11_IRememberYou.mp4, StormPigs20060831_12_SilverLining.mp4, StormPigs20060831_13_WashedAway.mp4, StormPigs20060831_14_Punked.mp4, StormPigs20060831_1_DamnSpirograph.mp4, StormPigs20060831_2_WeeYoYo.mp4, StormPigs20060831_3_DigThatHoleChineseDemocracy.mp4, StormPigs20060831_4_SummerNightFeelin.mp4, StormPigs20060831_5_HardLuckSemaphoreMonkey.mp4, StormPigs20060831_6_Blues.mp4, StormPigs20060831_7_NastyDancer.mp4, StormPigs20060831_8_Infusion.mp4, StormPigs20060831_9_CloudsofAsphalt.mp4",
Nov 2,2006-11-02,,images/jam/20061102.jpg,"EvilG, NickDub, SRC, Snuffler, TBonk","Smash Studios, NYC",** 1/2,"Aches and pains this round yielding some linear jams, good natured ribbing lightens the heart and soul and makes up for less than stellar performances",2006-11-16 11:32:40,Yes,1:01:31,"stormpigs,rock,psychadelic,blues,jam","Intro, Mudslide, Good Don't Matter No Mo, Hunka Chunka, Hi-Ball Motherfucker!, Lap It Up The Hard Thing *, Petri Dish, For The Money *, Attack Ships off The Shoulder of Orion","StormPigs20061102_1_Intro.mp4, StormPigs20061102_2_Mudslide.mp4, StormPigs20061102_3_GoodDontMatterNoMo.mp4, StormPigs20061102_4_HunkaChunka.mp4, StormPigs20061102_5_Hi.mp4, StormPigs20061102_6_LapItUpTheHardThing.mp4, StormPigs20061102_7_PetriDish.mp4, StormPigs20061102_8_ForTheMoney.mp4, StormPigs20061102_9_AttackShipsoffTheShoulderofOrion.mp4",
Jan 11,2007-01-11,,images/jam/20070111.jpg,"EvilG, Hi-Fi, HiredGun, Maximus, NickDub, SRC, Snuffler, Stu","Smash Studios, NYC",***,"Worry that there may be too many guitarists, thankfully, these concerns go unwarranted, as the players work within the realm of aural sanity and take care not to tread on each others toes",2007-02-13 01:24:59,Yes,1:24:59,"stormpigs,rock,psychadelic,blues,jam","Dramatic Introduction, Bring the Pain, Dig a Little Deeper *, Space Ho *, Numba One Concept *, geetar commentary, Far From Home *, Caught in the Middle *, Opened My Third Eye, Surf Stylings, GAK, Ever the Brighter, Force Fed","StormPigs20070111_10_SurfStylings.mp4, StormPigs20070111_11_GAK.mp4, StormPigs20070111_12_EvertheBrighter.mp4, StormPigs20070111_13_ForceFed.mp4, StormPigs20070111_1_DramaticIntroduction.mp4, StormPigs20070111_2_BringthePain.mp4, StormPigs20070111_3_DigaLittleDeeper.mp4, StormPigs20070111_4_SpaceHo.mp4, StormPigs20070111_5_NumbaOneConcept.mp4, StormPigs20070111_6_geetarcommentary.mp4, StormPigs20070111_7_FarFromHome.mp4, StormPigs20070111_8_CaughtintheMiddle.mp4, StormPigs20070111_9_OpenedMyThirdEye.mp4",
Jan 13,2007-01-13,,images/jam/20070113.jpg,"Ironlung, Maximus, NickDub, PChoff, Snuffler","Lambertville, NJ",****,"Kicking the New Year off in rousing fashion with this seventeen minute gem, fabulous guitar work",2007-01-28 17:27:00,No,17:27,"stormpigs,rock,psychadelic,blues,jam",That's It *,StormPigs20070113_1_ThatsIt.mp4,
Feb 27,2007-02-27,,images/jam/20070227.jpg,"EvilG, HiredGun, Maximus, Snuffler, TBonk","Smash Studios, NYC",**,"A slow night as the boys were a bit scattered, a couple interesting bits from some Pigs not seen recently, HiredGun and EvilG and it's worth a listen",2010-03-28 10:31:06,No,1:01:01,"rock,jam,guitar noodling,steely dan","to surf and protect, we got the plums, sweet noodle, introduction of maximus, show on the road, fagens cat, sonic bullet, searching for something, muddy be them waters","StormPigs20070227_1_tosurfandprotect.mp4, StormPigs20070227_2_wegottheplums.mp4, StormPigs20070227_3_sweetnoodle.mp4, StormPigs20070227_4_introductionofmaximus.mp4, StormPigs20070227_5_showontheroad.mp4, StormPigs20070227_6_fagenscat.mp4, StormPigs20070227_7_sonicbullet.mp4, StormPigs20070227_8_searchingforsomething.mp4, StormPigs20070227_9_muddybethemwaters.mp4",
Sep 12,2007-09-12,,images/jam/20070912.jpg,"NickDub, PChoff, SRC, Snuffler, Stu, TBonk","Ultrasound Studios, NYC",** 1/2,"Some early dross, but the boys wake up to give a fine performance",2008-03-01 16:54:27,Yes,1:37:09,"stormpigs,rock,funk,blues,jam","Stretchin Out, Jimmy Jazz, drum intermezzo, Road Runner, It is the Question, The Eye *, Ragnorok, Nickel and Dime *, AK *, Hillbilly Blues *, What Is It You Say You Do Here *, keyboardist breakdown, Cant Please em All the Time, Disco Volante","StormPigs20070912_10_HillbillyBlues.mp4, StormPigs20070912_11_WhatIsItYouSayYouDoHere.mp4, StormPigs20070912_12_keyboardistbreakdown.mp4, StormPigs20070912_13_CantPleaseemAlltheTime.mp4, StormPigs20070912_14_DiscoVolante.mp4, StormPigs20070912_1_eyeopener.mp4, StormPigs20070912_2_JimmyJazz.mp4, StormPigs20070912_3_drumintermezzo.mp4, StormPigs20070912_4_RoadRunner.mp4, StormPigs20070912_5_ItistheQuestion.mp4, StormPigs20070912_6_TheEye.mp4, StormPigs20070912_7_Ragnorok.mp4, StormPigs20070912_8_NickelandDime.mp4, StormPigs20070912_9_AK.mp4",
Feb 6,2008-02-06,,images/jam/20080206.jpg,"Ironlung, Maximus, SRC, Snuffler, Stu, TBonk","Ultrasound Studios, NYC",** 1/2,"A little sleepy tonight, but still manage to work the quarry",2008-02-19 10:43:14,Yes,1:50:38,"stormpigs,rock,funk,blues,jam","keep me whole, lude fueled, blues groove, sweet honey jah, noodle soup, take the fng load off, wheres Carlos *, take care people, grindhouse, going nowhere *, in the line of i, demo crew, drunk song, short and sour, wherever you go *, pounding the pavement, Peter Gunn","StormPigs20080206_10_goingnowhere.mp4, StormPigs20080206_11_inthelineofi.mp4, StormPigs20080206_12_democrew.mp4, StormPigs20080206_13_drunksong.mp4, StormPigs20080206_14_shortandsour.mp4, StormPigs20080206_15_whereveryougo.mp4, StormPigs20080206_16_poundingthepavement.mp4, StormPigs20080206_17_PeterGunn.mp4, StormPigs20080206_1_keepmewhole.mp4, StormPigs20080206_2_ludefueled.mp4, StormPigs20080206_3_bluesgroove.mp4, StormPigs20080206_4_sweethoneyjah.mp4, StormPigs20080206_5_noodlesoup.mp4, StormPigs20080206_6_takethefngloadoff.mp4, StormPigs20080206_7_wheresCarlos.mp4, StormPigs20080206_8_takecarepeople.mp4, StormPigs20080206_9_grindhouse.mp4",
Apr 3,2008-04-03,,images/jam/20080403.jpg,"Ironlung, Snuffler, Stu","Ultrasound Rehearsal, NYC",** 1/2,"Instrumental jam with a small crew, very interesting bass lines from the 'lung, overplaying from Snuf and thoughtful guitar from Stu",2008-12-15 23:02:44,No,1:30:26,"instrumental,exploratory,fusion,rock,noodle","rooting around, sometimes honey, interrogative *, slipstream, thinking out loud, The Traveler *, sneaky boy","StormPigs20080403_1_rootingaround.mp4, StormPigs20080403_2_sometimeshoney.mp4, StormPigs20080403_3_interrogative.mp4, StormPigs20080403_4_betterdays.mp4, StormPigs20080403_5_thinkingoutloud.mp4, StormPigs20080403_6_TheTraveler.mp4, StormPigs20080403_7_sneakyboy.mp4",
Aug 21,2008-08-21,,images/jam/20080821.jpg,"Ankhboy, Maximus, SRC, Snuffler, TBonk","Ultrasound Rehearsal, NYC",** 1/2,"The Pot Luck jam, some good, some bad, but give a listen and let us know how we sounded, because we dont know, thats for sure",2008-09-28 14:18:46,Yes,1:35:49,"stormpigs,rock,funk,blues,jam","Someones Knocking *, Zep It Up, Rhinoceros *, Pride N Joy, A-Rod Speech Impediment, Circadian Rhythym *, Dead for You, never together, White People John McCain is *, Pedro Normo, Ankhsimus Funk, Goodnight Ladies and Gentlemen","StormPigs20080821_10_PedroNormo.mp4, StormPigs20080821_11_AnkhsimusFunk.mp4, StormPigs20080821_12_GoodnightLadiesandGentlemen.mp4, StormPigs20080821_1_SomeonesKnocking.mp4, StormPigs20080821_2_ZepItUp.mp4, StormPigs20080821_3_Rhinoceros.mp4, StormPigs20080821_4_PrideNJoy.mp4, StormPigs20080821_5_A.mp4, StormPigs20080821_6_CircadianRhythym.mp4, StormPigs20080821_7_DeadforYou.mp4, StormPigs20080821_8_nevertogether.mp4, StormPigs20080821_9_WhitePeopleJohnMcCainis.mp4",
Oct 16,2008-10-16,,images/jam/20081016.jpg,"Snuffler, Stu, TBonk","Ultrasound Rehearsal, NYC",**,"The power trio rules the day with a variety of rock and funk, Maker's Mark helps",2008-10-22 08:19:37,No,1:08:20,"stormpigs,rock,funk,jam","first gear, candy, tale of el gordo *, roll ya, slept on the F again, no easy piece *, we can do that, journey of 1000 miles, the sign *","StormPigs20081016_1_firstgear.mp4, StormPigs20081016_2_candy.mp4, StormPigs20081016_3_taleofelgordo.mp4, StormPigs20081016_4_rollya.mp4, StormPigs20081016_5_sleptontheFagain.mp4, StormPigs20081016_6_noeasypiece.mp4, StormPigs20081016_7_wecandothat.mp4, StormPigs20081016_8_journeyof1000miles.mp4, StormPigs20081016_9_thesign.mp4",
Oct 30,2008-10-30,,images/jam/20081030.jpg,"SRC, Snuffler, Stu, TBonk","Ultrasound Rehearsal, NYC",** 3/4,"Decision 2008 jam, fine guitar work by i is the highlight of this sesh, solid and varied grooves from the rhythym section",2008-11-05 16:35:26,Yes,1:19:59,"country,funk,rock,guitar riff,groove,jam","shake it loose, social commentary, happy man, still on my mind, joe the plumber *, country fuck stomp, bare the mark *, sativa *, little dose *, ma babee, esoteric swamp","StormPigs20081030_10_mababee.mp4, StormPigs20081030_11_esotericswamp.mp4, StormPigs20081030_1_shakeitloose.mp4, StormPigs20081030_2_socialcommentary.mp4, StormPigs20081030_3_happyman.mp4, StormPigs20081030_4_stillonmymind.mp4, StormPigs20081030_5_joetheplumber.mp4, StormPigs20081030_6_countryfuckstomp.mp4, StormPigs20081030_7_barethemark.mp4, StormPigs20081030_8_sativa.mp4, StormPigs20081030_9_littledose.mp4",
Feb 26,2009-02-26,,images/jam/20090226.jpg,"SRC, Snuffler, Stu, TBonk",Unknown location,***,"The first jam of the new year in the New Economy, press pause and hold for five years, call us back then",2009-03-04 21:52:58,Yes,1:36:52,"rock,80s,lou reed,police,blues,republican blues,rant","Creepin Up, Kick It Over, Hazard Condition, noodle blues, Arne Saknussemm *, Average White Boy Blues, Git *, The Religious Hour, We Loves Da Ladies, The Cuckhold, song to be sold to nissan, The Amero, Republican Blues *, Beds Too Big Without You, Sweet Jane","StormPigs20090226_10_TheCuckhold.mp4, StormPigs20090226_11_songtobesoldtonissan.mp4, StormPigs20090226_12_TheAmero.mp4, StormPigs20090226_13_RepublicanBlues.mp4, StormPigs20090226_14_BedsTooBigWithoutYou.mp4, StormPigs20090226_15_SweetJane.mp4, StormPigs20090226_1_CreepinUp.mp4, StormPigs20090226_2_KickItOver.mp4, StormPigs20090226_3_HazardCondition.mp4, StormPigs20090226_4_noodleblues.mp4, StormPigs20090226_5_ArneSaknussemm.mp4, StormPigs20090226_6_AverageWhiteBoyBlues.mp4, StormPigs20090226_7_Git.mp4, StormPigs20090226_8_TheReligiousHour.mp4, StormPigs20090226_9_WeLovesDaLadies.mp4",
Apr 30,2009-04-30,,images/jam/20090430.jpg,"Maximus, SRC, Snuffler, Stu, TBonk","Ultrasound Rehearsal, NYC",** 3/4,"April jams don't bring the rain, boys are working off the work blues with a selection of funk, nice to have our Maximus back in fine form, with Stu ably bassing",2009-05-20 00:20:17,Yes,1:19:12,"funk,guitar jamming,solid bass,tuna,pesce,slap o skin,yelp","fight terror *, sunny up, utter the truth *, tighties, digital clipping, dull alarm, see through your skull, terror from the skies, slow bank, brand yourself monkey *","StormPigs20090430_10_brandyourselfmonkey.mp4, StormPigs20090430_1_fightterror.mp4, StormPigs20090430_2_sunnyup.mp4, StormPigs20090430_3_utterthetruth.mp4, StormPigs20090430_4_tighties.mp4, StormPigs20090430_5_digitalclipping.mp4, StormPigs20090430_6_dullalarm.mp4, StormPigs20090430_7_seethroughyourskull.mp4, StormPigs20090430_8_terrorfromtheskies.mp4, StormPigs20090430_9_slowbank.mp4",
May 14,2009-05-14,,images/jam/20090514.jpg,"Ironlung, NickDub, SRC, Snuffler, Stu, TBonk","Ultrasound Rehearsal, NYC",***,"Jazzy explorations, some heavy rock a-bludgeoning and stanky funk to whet your appetite",2009-06-05 15:59:27,Yes,1:33:59,"heavy rock,jazz,funk,stank,geetar wank","reign over me *, slippy *, stormpigs ass pat, warmup rocker, seborreah jazz, murray hillbilly jam, milf cries scotto, swabbed in the right places *, two man luge, fade away, proto, the mersk descended *, over forty wiring issues *","StormPigs20090514_10_fadeaway.mp4, StormPigs20090514_11_proto.mp4, StormPigs20090514_12_themerskdescended.mp4, StormPigs20090514_13_overfortywiringissues.mp4, StormPigs20090514_1_reignoverme.mp4, StormPigs20090514_2_slippy.mp4, StormPigs20090514_3_stormpigsasspat.mp4, StormPigs20090514_4_warmuprocker.mp4, StormPigs20090514_5_seborreahjazz.mp4, StormPigs20090514_6_murrayhillbillyjam.mp4, StormPigs20090514_7_milfcriesscotto.mp4, StormPigs20090514_8_swabbedintherightplaces.mp4, StormPigs20090514_9_twomanluge.mp4",
Jun 3,2009-06-03,,images/jam/20090603.jpg,"Ankhboy, Ironlung, Maximus, Snuffler, Stu","Ultrasound Rehearsal, NYC",***,"Some gnarly sounds coming from the guitarists this night, though not especially tight, we liked it loud and tasty",2010-01-03 23:19:25,No,1:29:46,"hard rock,funk,blues,allmans-esque,loud,guitar solos","the big easy, now thats rock and roll *, lifecycle *, whats wrong with happiness, island rock, la fonque *, the flavor, mordor blues","StormPigs20090603_1_thebigeasy.mp4, StormPigs20090603_2_nowthatsrockandroll.mp4, StormPigs20090603_3_lifecycle.mp4, StormPigs20090603_4_whatswrongwithhappiness.mp4, StormPigs20090603_5_islandrock.mp4, StormPigs20090603_6_lafonque.mp4, StormPigs20090603_7_theflavor.mp4, StormPigs20090603_8_mordorblues.mp4",
Jul 30,2009-07-30,,images/jam/20090730.jpg,"Ironlung, Maximus, SRC, Snuffler, TBonk","Ultrasound Rehearsal, NYC",***,"Long gone but since returned Stevie, fine guitar work by the lads as they switch off, pay attention, there is interesting stuff here",2010-01-09 22:05:44,yes,1:12:37,"rock,jazz,hard rock,funk,anger,vituperation,expletives","a bad taste, nyc raga *, disjointed bitch, a nytimes force feeding *, my princess full of vice  *, the plump, faggoty jazz *, low pass interruptus","StormPigs20090730_1_abadtaste.mp4, StormPigs20090730_2_nycraga.mp4, StormPigs20090730_3_disjointedbitch.mp4, StormPigs20090730_4_anytimesforcefeeding.mp4, StormPigs20090730_5_myprincessfullofvice.mp4, StormPigs20090730_6_theplump.mp4, StormPigs20090730_7_faggotyjazz.mp4, StormPigs20090730_8_lowpassinterruptus.mp4",
Dec 15,2009-12-15,,images/jam/20091215.jpg,"Ankhboy, NickDub, Snuffler, TBonk","Ultrasound Rehearsal, NYC",***,"A small crew not lacking for ideas, some more subtle, jazzy moments among the bombast,  I and Ankhboy show their stuff ably backed by Nickdub and Snuf",2010-01-11 08:44:51,No,0:47:45,"jazz,hard rock,guitar rock,dynamic,jam","mudderhead, spaces *, velvet glambag, leave room for daddy  *, hed trip  *, gowanus","StormPigs20091215_1_mudderhead.mp4, StormPigs20091215_2_spaces.mp4, StormPigs20091215_3_velvetglambag.mp4, StormPigs20091215_4_leaveroomfordaddy.mp4, StormPigs20091215_5_hedtrip.mp4, StormPigs20091215_6_gowanus.mp4",
Jan 28,2010-01-28,,images/jam/20100128.jpg,"NickDub, SRC, Snuffler, Stu, TBonk","Ultrasound Rehearsal, NYC",***,"Hard rockin good time with nice melodies coming from Dub, i Stu swing their respective axes mightly, and Stevie blows a mean harp",2010-02-17 21:39:36,No,1:01:10,"hard rock,funk,disco,pigs","worker bee *, big pan, ridiculous interlude, biker boot honey *, hunter-thrilla *, bloodshed at the otb, wet phallus, cake bloch, heres to the yellow n blue, desperado, peach-u-lator","StormPigs20100128_10_desperado.mp4, StormPigs20100128_11_peachulator.mp4, StormPigs20100128_1_workerbee.mp4, StormPigs20100128_2_bigpan.mp4, StormPigs20100128_3_ridiculousinterlude.mp4, StormPigs20100128_4_bikerboothoney.mp4, StormPigs20100128_5_hunter-thrilla.mp4, StormPigs20100128_6_bloodshedattheotb.mp4, StormPigs20100128_7_wetphallus.mp4, StormPigs20100128_8_cakebloch.mp4, StormPigs20100128_9_herestotheyellownblue.mp4",
Sep 26,2010-09-26,,images/jam/20100926.jpg,"Ironlung, NickDub, Snuffler, Stu","Ultrasound Rehearsal, NYC",** 1/2,"Very late Sunday jam gets sleepy at times, but the boys always got soul behind it, some good noise rock mid and last",2010-10-12 21:13:31,No,1:12:37,"stormpigs,emo,swamp rock,jam,noise rock,industrial","fake plastic trees, heartbreaker jam, blockhead, country road, as god made me, honky tank *, bayou stomp, low energy woes, big ole river *","StormPigs20100926_1_fakeplastictrees.mp4, StormPigs20100926_2_heartbreakerjam.mp4, StormPigs20100926_3_blockhead.mp4, StormPigs20100926_4_countryroad.mp4, StormPigs20100926_5_asgodmademe.mp4, StormPigs20100926_6_honkytank.mp4, StormPigs20100926_7_bayoustomp.mp4, StormPigs20100926_8_lowenergywoes.mp4, StormPigs20100926_9_bigoleriver.mp4",
Oct 28,2010-10-28,,images/jam/20101028.jpg,"Ironlung, NickDub, PChoff, Snuffler, Stu","Ultrasound Rehearsal, NYC",***,"Loose and lively retelling of some classics, the boys in fine form",2010-10-31 15:47:39,No,1:17:18,"stormpigs,classic rock,rock,heavy,exploratory,jam,fusion","get back, cant hardly wait, ramble on, comfort zone, intermezzo, midnight rambler, no winged pig *, night descent *, sympathetique a diablo *, johnny b","StormPigs20101028_10_johnnyb.mp4, StormPigs20101028_1_getback.mp4, StormPigs20101028_2_canthardlywait.mp4, StormPigs20101028_3_rambleon.mp4, StormPigs20101028_4_comfortzone.mp4, StormPigs20101028_5_intermezzo.mp4, StormPigs20101028_6_midnightrambler.mp4, StormPigs20101028_7_nowingedpig.mp4, StormPigs20101028_8_nightdescent.mp4, StormPigs20101028_9_sympathetiqueadiablo.mp4",
Dec 28,2010-12-28,,images/jam/20101228.jpg,"EvilG, Ironlung, Maximus, NickDub, PChoff, SRC, Snuffler, Stu, SweetP, Zig","Ultrasound Rehearsal, NYC",*** 1/2,"Massive, but diverse holiday jam with special guest star Maximus",2011-01-04 07:09:41,Yes,1:53:15,"rock,funk,jello,loudness,sweaty","pump *, heart attack blues, lay down evilG, fBooked *, charam *, dirty sanchez *, faith, vietnamistan *, thats not a hat thats a cabbage, holiday joy, fine arab charger *, fring the bunk, debtville, but who are we to say *","StormPigs20101228_10_holidayjoy.mp4, StormPigs20101228_11_finearabcharger.mp4, StormPigs20101228_12_fringthebunk.mp4, StormPigs20101228_13_debtville.mp4, StormPigs20101228_14_butwhoarewetosay.mp4, StormPigs20101228_1_pump.mp4, StormPigs20101228_2_heartattackblues.mp4, StormPigs20101228_3_laydownevilG.mp4, StormPigs20101228_4_fBooked.mp4, StormPigs20101228_5_charam.mp4, StormPigs20101228_6_dirtysanchez.mp4, StormPigs20101228_7_faith.mp4, StormPigs20101228_8_vietnamistan.mp4, StormPigs20101228_9_thatsnotahatthatsacabbage.mp4",
Nov 26,2012-11-26,,images/jam/20121126.jpg,"EvilG, Giant Peach, Ironlung, Jim, Maximus, NickDub, SRC, Snuffler, SweetP, TBonk, Zig","Ultrasound Rehearsal, NYC",** 1/2,Pre-holiday mayhem and good feelings abound in the absurd chaos that follows,2013-12-24 12:04:41,Yes,01:52:46,"piggage, slop, noise, mellifluence, stank","channeling Frank, peach-y keen *, let it go, side street scam, fresh as a daisy, sight for sore eyes, munsters groove *, boy wants a salad, hillibilly hop, crash dive, been here before, tighty whiteys, gotsta stay positive, no reprieve bolts *","StormPigs20121126_10_crashdive.mp4, StormPigs20121126_11_beenherebefore.mp4, StormPigs20121126_12_tightywhiteys.mp4, StormPigs20121126_13_gotstastaypositive.mp4, StormPigs20121126_14_noreprieve_bolts.mp4, StormPigs20121126_1_channelingFrank.mp4, StormPigs20121126_2_peach-ykeen.mp4, StormPigs20121126_3_letitgo.mp4, StormPigs20121126_4_sidestreetscam.mp4, StormPigs20121126_5_freshasadaisy.mp4, StormPigs20121126_6_sightforsoreeyes.mp4, StormPigs20121126_7_munstersgroove.mp4, StormPigs20121126_8_boywantsasalad.mp4, StormPigs20121126_9_hillibillyhop.mp4",
Nov 19,2013-11-19,,images/jam/20131119.jpg,"EvilG, NickDub, PChoff, SRC, Snuffler","Ultrasound Rehearsal, NYC",***,"Funked up mix of heavy beats, wailing vox and sublime guitars, courtesy of the fab five",2013-12-17 19:49:34,yes,01:31:07,"stormpigs, rock, funk, beats, drum n bass,sublime,heavy, hard rock","radical new world, attach yourself *, sexy suburban sm, in the beginning, pchoff rant, music biz woes, austrian dance groove, submission, psycosmic cat *","StormPigs20131119_1_radicalnewworld.mp4, StormPigs20131119_2_attachyourself.mp4, StormPigs20131119_3_sexysuburbansm.mp4, StormPigs20131119_4_inthebeginning.mp4, StormPigs20131119_5_pchoffrant.mp4, StormPigs20131119_6_musicbizwoes.mp4, StormPigs20131119_7_austriandancegroove.mp4, StormPigs20131119_8_submission.mp4, StormPigs20131119_9_psycosmicstrokejob.mp4",
Dec 27,2013-12-27,,images/jam/20131227.jpg,"EvilG, Ironlung, Maximus, NickDub, SRC, Snuffler, Stu, SweetP","Ultrasound Rehearsal, NYC",***,"Whiskey-fueling rocking from the boys with the toys, hella holiday fun",2013-12-28 22:09:51,Yes,02:03:34,"jamming, heavy, hard rocking, funk, yelling, angry","ballad of skinny nick *, a stormpigs holiday toast, vfw rfd, this bottle *, play the game *, wolves and lambs, what is happening, just a reprise, dig, like an angel, the wheel turns, seven year blues *, stray cat outro","StormPigs20131227_10_likeanangel.mp4, StormPigs20131227_11_thewheelturns.mp4, StormPigs20131227_12_sevenyearblues.mp4, StormPigs20131227_13_straycatoutro.mp4, StormPigs20131227_1_balladofskinnynick.mp4, StormPigs20131227_2_astormpigsholidaytoast.mp4, StormPigs20131227_3_vfwrfd.mp4, StormPigs20131227_4_thisbottle.mp4, StormPigs20131227_5_playthegame.mp4, StormPigs20131227_6_wolvesandlambs.mp4, StormPigs20131227_7_whatishappening.mp4, StormPigs20131227_8_justareprise.mp4, StormPigs20131227_9_dig.mp4",
Apr 16,2014-04-16,,images/jam/20140416.jpg,"SRC, Snuffler, Stu, SweetP","Ultrasound Rehearsal, NYC",***,"Boys swing it with a small crew, lossa blues, lossa funk, lossa rock, all things to all people",2014-04-29 23:43:55,yes,01:27:17,"stormpigs, pigs, short stack, funk, blues, rock, jam, yam, stygen","i got wood, shutup, cocoon boys, king kong, hard rocker, le batree, he blows, rumblin train, dim the lights *, jelly bean, you always do, rollin groove, sweetest alibi *, introductions","StormPigs20140416_10_jellybean.mp4, StormPigs20140416_11_youalwaysdo.mp4, StormPigs20140416_12_rollingroove.mp4, StormPigs20140416_13_sweetestalibi.mp4, StormPigs20140416_14_introductions.mp4, StormPigs20140416_1_igotwood.mp4, StormPigs20140416_2_shutup.mp4, StormPigs20140416_3_cocoonboys.mp4, StormPigs20140416_4_kingkong.mp4, StormPigs20140416_5_hardrocker.mp4, StormPigs20140416_6_lebatree.mp4, StormPigs20140416_7_heblows.mp4, StormPigs20140416_8_rumblintrain.mp4, StormPigs20140416_9_dimthelights.mp4",
Aug 7,2014-08-07,,images/jam/20140807.jpg,"Ankhboy, NickDub, PChoff, SRC, Snuffler, TBonk","Ultrasound Rehearsal, NYC",** 1/2,"The lads got together for a few short hours and got inspired a couple of times with a mix of blues, funk and rock",2015-01-02 21:37:11,No,1:17:44,"stormpigs,rock,funk,blues,jam","shake it *, holes on the walls, blue shat, hot mess, mulesque, intermission, mother she gone, squid pro quo, new republic, grinder redux, if you leave me now, sissifoot, shine *, third sow from the sun *","StormPigs20140807_10_grinderredux.mp4, StormPigs20140807_11_ifyouleavemenow.mp4, StormPigs20140807_12_sissifoot.mp4, StormPigs20140807_13_shine.mp4, StormPigs20140807_14_thirdsowfromthesun.mp4, StormPigs20140807_1_shakeit.mp4, StormPigs20140807_2_holesonthewalls.mp4, StormPigs20140807_3_blueshat.mp4, StormPigs20140807_4_hotmess.mp4, StormPigs20140807_5_mulesque.mp4, StormPigs20140807_6_intermission.mp4, StormPigs20140807_7_mothershegone.mp4, StormPigs20140807_8_squidproquo.mp4, StormPigs20140807_9_newrepublic.mp4",
Dec 27,2014-12-27,,images/jam/20141227.jpg,"Ironlung, Snuffler, Stu, TBonk","Ultrasound Rehearsal, NYC",***,"Mostly instrumental jam, missing some Pigs for the holidays, but making the best out of it, reminiscent of old-skool, late '90s",2014-12-31 15:56:47,Yes,01:42:48,"stormpigs, rock, jazz, exploration, blues, classic rock, funk, jam, jamming","little wing, domino, christmas song in minor, cowboy song, 300 lbs of joy, carousel *, the whipporwill and the wolf *, thank you knob creek, encounter *, 30st shuffle, here come the natives, horn of scarcity","StormPigs20141227_10_30stshuffle.mp4, StormPigs20141227_11_herecomethenatives.mp4, StormPigs20141227_12_hornofscarcity.mp4, StormPigs20141227_1_littlewing.mp4, StormPigs20141227_2_domino.mp4, StormPigs20141227_3_christmassonginminor.mp4, StormPigs20141227_4_cowboysong.mp4, StormPigs20141227_5_300lbsofjoy.mp4, StormPigs20141227_6_carousel.mp4, StormPigs20141227_7_thewhipporwillandthewolf.mp4, StormPigs20141227_8_thankyouknobcreek.mp4, StormPigs20141227_9_encounter.mp4",
Jun 11,2015-06-11,,images/jam/20150611.jpg,"Maximus, NickDub, SRC, Snuffler, Stu, Zig","Smash Studios, NYC",** 1/2,"The boys hadnt been together with Maximus for a while but they still sound like the Pigs, sloppy but always tasty",2015-06-20 15:55:28,Yes,1:04:06,"sloppy, jam, schtones, rock, bit o funk, bit o punk, blues, chuck berry blues","make it resonate, experiment 456, in defense of steel, swampy innards, speck of dust *, bleeding in the sand, texas mohammed *, ghost of maybelline, deniros wisdom, easter sunday","StormPigs20150611_10_eastersunday.mp4, StormPigs20150611_1_makeitresonate.mp4, StormPigs20150611_2_experiment456.mp4, StormPigs20150611_3_indefenseofsteel.mp4, StormPigs20150611_4_swampyinnards.mp4, StormPigs20150611_5_speckofdust.mp4, StormPigs20150611_6_bleedinginthesand.mp4, StormPigs20150611_7_texasmohammed.mp4, StormPigs20150611_8_ghostofmaybelline.mp4, StormPigs20150611_9_deniroswisdom.mp4",
Aug 1,2015-08-01,,images/jam/20150801.jpg,"Ironlung, NickDub, Snuffler","Jam House #2, Highlands",** 1/2,"Trio of pigs, knocking it out in fine form at Jam House #2, sleepy, bluesy, movie soundtrack kinda feel",2015-08-19 21:50:25,No,1:31:36,"movie soundtrack, jam, blues, slide, guitar, interlude, lude, rock, guitar driven","heatin the tubes, drool, bassplorection *, dad interlude, bales, my honey doan like noise, mom interruptus, master beaters history, how can you screw up *, devils tooth *, contact patch *, give the bassist some","StormPigs20150801_10_devilstooth.mp4, StormPigs20150801_11_contactpatch.mp4, StormPigs20150801_12_givethebassistsome.mp4, StormPigs20150801_1_heatinthetubes.mp4, StormPigs20150801_2_drool.mp4, StormPigs20150801_3_bassplorection.mp4, StormPigs20150801_4_dadinterlude.mp4, StormPigs20150801_5_bales.mp4, StormPigs20150801_6_myhoneydoanlikenoise.mp4, StormPigs20150801_7_mominterruptus.mp4, StormPigs20150801_8_masterbeatershistory.mp4, StormPigs20150801_9_howcanyouscrewupan.mp4",
Sep 19,2015-09-19,,images/jam/20150919.jpg,"Ironlung, NickDub, PChoff, Snuffler","Jam House #1, Highlands",*** 1/2,"Super tasty guitar licks and restraint from rhythym section rule the day, pleasureable to listen to, a classic",2015-08-19 21:50:25,Yes,2:04:48,"deadlike, claptonism, whotypical, listenable, lovable, rock, funk, jamness, jamability","why so glum, the hitch broke, counting hooties blowfish, stonesnicity, hand in hand, a horse and a girl *, oh dont do that, danger of bad cables, what hath he wrought *, babbling brook rushing river lazy lake *, sense of wonder *, take and ye shall receive *, island theme","StormPigs20150919_10_babblingbrookrushingriverlazylake.mp4, StormPigs20150919_11_senseofwonder.mp4, StormPigs20150919_12_takeandyeshallreceive.mp4, StormPigs20150919_13_islandtheme.mp4, StormPigs20150919_1_whysoglum.mp4, StormPigs20150919_2_thehitchbroke.mp4, StormPigs20150919_3_countinghootiesblowfish.mp4, StormPigs20150919_4_stonesnicity.mp4, StormPigs20150919_5_handinhand.mp4, StormPigs20150919_6_ahorseandagirl.mp4, StormPigs20150919_7_ohdontdothat.mp4, StormPigs20150919_8_dangerofbadcables.mp4, StormPigs20150919_9_whathathhewrought.mp4",
Dec 30,2015-12-30,,images/jam/20151230.jpg,"PChoff, SRC, Snuffler, TBonk, Zig","Ultrasound Rehearsal, NYC",** 1/2,"Jockularity, good vibes and vigorous jamming are the hallmark of this Holiday 2015 jam Lemmy Lives",2015-12-31 23:06:34,Yes,01:30:46,"lemmy, holiday, jingle","spy novel, rusty scorcher, one bright day, holiday cheer, one for lemmy, we refuse *, jingle all the way, nature of the beast, little shot of vinegar, fuck the what, tight operation, along for the ride, gonna be good for you *","StormPigs20151230_10_fuckthewhat.mp4, StormPigs20151230_11_tightoperation.mp4, StormPigs20151230_12_alongfortheride.mp4, StormPigs20151230_13_gonnabegoodforyou.mp4, StormPigs20151230_1_spynovel.mp4, StormPigs20151230_2_rustyscorcher.mp4, StormPigs20151230_3_onebrightday.mp4, StormPigs20151230_4_holidaycheer.mp4, StormPigs20151230_5_oneforlemmy.mp4, StormPigs20151230_6_werefuse.mp4, StormPigs20151230_7_jinglealltheway.mp4, StormPigs20151230_8_natureofthebeast.mp4, StormPigs20151230_9_littleshotofvinegar.mp4",
Sep 21,2016-09-21,,images/jam/20160921.jpg,"EvilG, NickDub, PChoff, SRC, Snuffler, Zig","Ultrasound Rehearsal, NYC",***,"After extended hiatus, the boys come back in fine, if unrehearsed form, tasty performances at moments by all",2016-10-02 16:03:41,Yes,01:16:42,"stormpigs,rock,funk,jam,beatles,doors","aint that a peach, money, dehydrated devo, anything but straight, who will stop the rain *, inter miss, election special *, taste that smell *, everybody in","StormPigs20160921_1_aintthatapeach.mp4, StormPigs20160921_2_money.mp4, StormPigs20160921_3_dehydrateddevo.mp4, StormPigs20160921_4_anythingbutstraight.mp4, StormPigs20160921_5_whowillstoptherain.mp4, StormPigs20160921_6_intermiss.mp4, StormPigs20160921_7_electionspecial.mp4, StormPigs20160921_8_tastethatsmell.mp4, StormPigs20160921_9_everybodyin.mp4",
Nov 16,2016-11-16,,images/jam/20161116.jpg,"EvilG, PChoff, Snuffler, Stu","Ultrasound Rehearsal, NYC",***,"Big Star meets Velvet Underground with a dash of Toto, might be the start of something interesting",2016-12-27 16:29:21,No,01:13:56,"stormpigs, 1980s rock, minutemen, big star, velvet underground","warming up, black boots, jamma slide, sometimes I scream *, the trail *, creep, youre going out that door *, tell you what, santeria, 1986 *, protest song *","StormPigs20161116_10_1986.mp4, StormPigs20161116_11_protestsong.mp4, StormPigs20161116_1_warmingup.mp4, StormPigs20161116_2_blackboots.mp4, StormPigs20161116_3_jammaslide.mp4, StormPigs20161116_4_sometimesIscream.mp4, StormPigs20161116_5_thetrail.mp4, StormPigs20161116_6_creep.mp4, StormPigs20161116_7_youregoingoutthatdoor.mp4, StormPigs20161116_8_tellyouwhat.mp4, StormPigs20161116_9_santeria.mp4",
Dec 7,2016-12-07,,images/jam/20161207.jpg,"EvilG, PChoff, Snuffler, Stu","JC Studios, Jersey City, NJ",** 1/2,"A review of some old favorites plus a couple very special new moments, really special new moments",2016-12-18 18:55:56,No,01:10:38,"stormpigs, classic rock hits, jam, neil young, blondie, rolling stones","while my guitar gently weeps *, funk blast, monkey man, jumpin jack flash, star witness/dreaming *, my sharona, rockin in the free world, 25 or 6-to-4, run with me *, off the cuff","StormPigs20161207_10_offthecuff.mp4, StormPigs20161207_1_whilemyguitargentlyweeps.mp4, StormPigs20161207_2_funkblast.mp4, StormPigs20161207_3_monkeyman.mp4, StormPigs20161207_4_jumpinjackflash.mp4, StormPigs20161207_5_starwitnessdreaming.mp4, StormPigs20161207_6_mysharona.mp4, StormPigs20161207_7_rockininthefreeworld.mp4, StormPigs20161207_8_25or6-to-4.mp4, StormPigs20161207_8_25or6.mp4, StormPigs20161207_9_runwithme.mp4",
Dec 21,2016-12-21,,images/jam/20161221.jpg,"EvilG, NickDub, SRC, Snuffler, TBonk, Zig","Ultrasound Studios, NYC",***,"Uproarious Holiday 2016 celebration, impressive showing for the inebriated lot of em",2016-12-31 16:45:44,Yes,01:29:48,"stormpigs, heavy rock, jamming, political rant, drunken rant","90 days of rain *, what is that, yeah *, no way to shake it *, happy 2016, kick me to the curb *, suicide squat, cozy situation, noodle O, treason soliloquy","StormPigs20161221_10_treasonsoliloquy.mp4, StormPigs20161221_1_90daysofrain.mp4, StormPigs20161221_2_whatisthat.mp4, StormPigs20161221_3_yeah.mp4, StormPigs20161221_4_nowaytoshakeit.mp4, StormPigs20161221_5_happy2016.mp4, StormPigs20161221_6_kickmetothecurb.mp4, StormPigs20161221_7_suicidesquat.mp4, StormPigs20161221_8_cozysituation.mp4, StormPigs20161221_9_noodleO.mp4",
Jan 10,2017-01-10,,images/jam/20170110.jpg,"EvilG, PChoff, Snuffler, Stu","JC Studios, Jersey City, NJ",***,A round of rock and roll standards and one new angry rocker,2017-01-22 15:54:48,No,00:42:38,"stormpigs, rock classics, heavy rock, jamming, political rant, anger","happy birthday Pat, london calling *, funk 49, what makes a working band, i cant wait *, cant let go, come together *, mr tamborine man, its a trap *, heat of the moment","StormPigs20170110_10_heatofthemoment.mp4, StormPigs20170110_1_happybirthdayPat.mp4, StormPigs20170110_2_londoncalling.mp4, StormPigs20170110_3_funk49.mp4, StormPigs20170110_4_whatmakesaworkingband.mp4, StormPigs20170110_5_icantwait.mp4, StormPigs20170110_6_cantletgo.mp4, StormPigs20170110_7_cometogether.mp4, StormPigs20170110_8_mrtamborineman.mp4, StormPigs20170110_9_itsatrap.mp4",
May 9,2017-05-09,,images/jam/20170509.jpg,"EvilG, Maximus, Snuffler, Stu","JC Studios, Jersey City, NJ",***,"A high energy jam with special guest star from up north, Sir Maximus of Globodyne, mesh of guitars is scintillating at times",2017-05-13 21:03:40,No,01:13:11,"stormpigs, rock, punk, blues, classic rock, reggae, santana, flock of seagulls","suit and tied *, casteneda *, making time *, janeva faircloth, almost hit by taxi, bad guy trump *, space age love song, dead highway groove, one-eighth sardinian *, bedtime story","StormPigs20170509_10_bedtimestory.mp4, StormPigs20170509_1_suitandtied.mp4, StormPigs20170509_2_casteneda.mp4, StormPigs20170509_3_makingtime.mp4, StormPigs20170509_4_janevafaircloth.mp4, StormPigs20170509_5_almosthitbytaxi.mp4, StormPigs20170509_6_badguytrump.mp4, StormPigs20170509_7_spaceagelovesong.mp4, StormPigs20170509_8_deadhighwaygroove.mp4, StormPigs20170509_9_one-eighthsardinian.mp4",
Nov 5,2022-11-05,,images/jam/20221105.jpg,"Ironlung, PChoff, Snuffler, Stu","Castle Frasenstein, AH NJ",** 1/2,Getting the machine back up and running after a 5 year hiatus,2022-11-13 15:46:31,No,01:14:32,"stormpigs, rock, blues, classic rock, bob marley","Cant You?, Blump, New Toy, Corona Blues, Layers, Saturday Sun, Figure of a Wailer, Rhythym of Change *, Get It Done","StormPigs20221105_1_CantYou.mp4, StormPigs20221105_2_Blump.mp4, StormPigs20221105_3_NewToy.mp4, StormPigs20221105_4_CoronaBlues.mp4, StormPigs20221105_5_Layers.mp4, StormPigs20221105_6_SaturdaySun.mp4, StormPigs20221105_7_FigureofaWailer.mp4, StormPigs20221105_8_RhythymofChange.mp4, StormPigs20221105_9_GetItDone.mp4",
Jul 25,2023-07-25,,images/jam/20230725.jpg,"NickDub, Snuffler, Stu, TBonk","Smash Studios, NYC",** 1/2,"After yet another break, our good friend NickDub joins us from across the pond",2023-08-13 17:40:18,No,01:37:39,"stormpigs, rock, blues, classic rock, radiohead, stones, rolling stones, lou reed","Start Your Engines *, Well Dag Nabit *, We Are Rolling, The Ditty, NYC Chug-A-Lug, Thoughtful Indirection, Kick in the Pants *, Inter Miss, Waiting for the Man, Detroit *, False Start, The Return of Thunder Fingers, Killer on the Loose, Maddening Martial Madness, Oddity, Pretty Little Lambda, You Cant Stay Here","StormPigs20230725_10_Detroit.mp4, StormPigs20230725_11_FalseStart.mp4, StormPigs20230725_12_TheReturnofThunderFingers.mp4, StormPigs20230725_13_KillerontheLoose.mp4, StormPigs20230725_14_MaddeningMartialMadness.mp4, StormPigs20230725_15_Oddity.mp4, StormPigs20230725_16_PrettyLittleLambda.mp4, StormPigs20230725_17_YouCantStayHere.mp4, StormPigs20230725_1_StartYourEngines.mp4, StormPigs20230725_2_WellDagNabit.mp4, StormPigs20230725_3_WeAreRolling.mp4, StormPigs20230725_4_TheDitty.mp4, StormPigs20230725_5_NYCChug-A-Lug.mp4, StormPigs20230725_6_ThoughtfulIndirection.mp4, StormPigs20230725_7_KickinthePants.mp4, StormPigs20230725_8_InterMiss.mp4, StormPigs20230725_9_WaitingfortheMan.mp4",
Jul 18,2024-07-18,,images/jam/20240718.jpg,"Maximus, PChoff, Snuffler, Stu, TBonk","Michiko Studios, NYC",** 1/2,"After hiatus, the aging, banged up boys are in the hot summer city with some fan favorites, celebrating with long away Max",2024-07-27 09:01:57,No,01:13:47,"stormpigs, rock, blues, classic rock","for a rose *, dirty pot blues, aint supposed to be tn whiskey, musicus interruptus, i done a doobie, storm front, feelin alright, stu be good sweet home, you shook me, beast of a jane, werewolves of london, traction *","StormPigs20240718_10_beastofajane.mp4, StormPigs20240718_11_werewolvesoflondon.mp4, StormPigs20240718_12_traction.mp4, StormPigs20240718_1_forarose.mp4, StormPigs20240718_2_dirtypotblues.mp4, StormPigs20240718_3_aintsupposedtobetnwhiskey.mp4, StormPigs20240718_4_musicusinterruptus.mp4, StormPigs20240718_5_idoneadoobie.mp4, StormPigs20240718_6_stormfront.mp4, StormPigs20240718_7_feelinalright.mp4, StormPigs20240718_8_stubegoodsweethome.mp4, StormPigs20240718_9_youshookme.mp4",
Jun 3,2025-06-03,,images/jam/20250603.jpg,"PChoff, Snuffler, Stu, Tbonk, Zig","Funkadelic Studios, NYC",** 1/2,"Fever Jam 2025 the Bonk in Heat and not in a good way",2025-08-01 19:12:59,No,01:09:39,"stormpigs, rock, classic rock, jam, ditties","barney miller, adrift, so obtuse *, before you disappear *, sweat shop, goodbye ol twin, mancinis ghost, dont wanna hear about you, dearly beloved, epilogue","StormPigs20250603_1_barneymiller.mp4, StormPigs20250603_2_adrift.mp4, StormPigs20250603_3_soobtuse.mp4, StormPigs20250603_4_beforeyoudisappear.mp4, StormPigs20250603_5_sweatshop.mp4, StormPigs20250603_6_goodbyeoltwin.mp4, StormPigs20250603_7_mancinisghost.mp4, StormPigs20250603_8_dontwannahearaboutyou.mp4, StormPigs20250603_9_dearlybeloved.mp4, StormPigs20250603_10_epilogue.mp4",
Jul 24,2025-07-24,,images/jam/20250724.jpg,"PChoff, Maximus, Snuffler, Stu, Tbonk","Smash Studios, NYC",***,"Good to have our friend Maximus back in the mix for what was a classic StormPigs jam with lots of exploration",2025-09-14 12:22:52,No,01:44:10,"stormpigs, rock, jazz exploration, classic rock, jam","milk run, the whale, joyous rout, electrofunk 42, betsy, do you, interhit, be by your side *, maximized *, friends, dangerous prey *, twilight hunt *, unmarked trail *, the kill *, wrap it up","StormPigs20250724_1_milkrun.mp4, StormPigs20250724_2_thewhale.mp4, StormPigs20250724_3_joyousrout.mp4, StormPigs20250724_4_electrofunk42.mp4, StormPigs20250724_5_betsy.mp4, StormPigs20250724_6_doyou.mp4, StormPigs20250724_7_interhit.mp4, StormPigs20250724_8_bebyyourside.mp4, StormPigs20250724_9_maximized.mp4, StormPigs20250724_10_friends.mp4, StormPigs20250724_11_dangerousprey.mp4, StormPigs20250724_12_twilighthunt.mp4, StormPigs20250724_13_unmarkedtrail.mp4, StormPigs20250724_14_thekill.mp4, StormPigs20250724_15_wrapitup.mp4",
Aug 18,2004-08-18,,images/jam/20040818.jpg,"Cosmic Bruce, Maximus, Ourance, Snuffler, SRC, Stu, Trebor Greb","Smash Studios, NYC",** 1/2,Sunset room jam with good vibes and brown liquid flowing.,2025-12-08 21:24:32,Yes,01:14:55,"rock, space, angry, oedipal, drunken, opinionated","push it away, laying it on the OG, cosmic bruce, head like a razor *, for the love of the cops, happy is the sunset *, apex of my existence *, god bless the sunset room, world exploding, jewish white rappa, tnuc in the system, shootin at cans, gog and magog *, brand new cadillac","StormPigs20040818_1_pushitaway.mp4, StormPigs20040818_2_layingitontheOG.mp4, StormPigs20040818_3_cosmicbruce.mp4, StormPigs20040818_4_headlikearazor.mp4, StormPigs20040818_5_fortheloveofthecops.mp4, StormPigs20040818_6_happyisthesunset.mp4, StormPigs20040818_7_apexofmyexistence.mp4, StormPigs20040818_8_godblessthesunsetroom.mp4, StormPigs20040818_9_worldexploding.mp4, StormPigs20040818_10_jewishwhiterappa.mp4, StormPigs20040818_11_tnucinthesystem.mp4, StormPigs20040818_12_shootinatcans.mp4, StormPigs20040818_13_gogandmagog.mp4, StormPigs20040818_14_brandnewcadillac.mp4",
